{"cameraMode":{"drawMode":0,"name":"Shaded","section":"Shading Mode"},"sceneLighting":false,"audioPlay":false,"sceneViewState":{"m_AlwaysRefresh":true,"showFog":true,"showSkybox":false,"showFlares":true,"showImageEffects":true,"showParticleSystems":true,"showVisualEffectGraphs":true,"m_FxEnabled":true},"in2DMode":false,"pivot":{"x":-0.30272865295410159,"y":-1.091849684715271,"z":3.5735464096069338},"rotation":{"x":-0.05701868608593941,"y":0.4732414484024048,"z":-0.030713718384504319,"w":-0.8785489201545715},"size":6.582948207855225,"orthographic":false}