{"cameraMode":{"drawMode":0,"name":"Shaded","section":"Shading Mode"},"sceneLighting":false,"audioPlay":false,"sceneViewState":{"m_AlwaysRefresh":true,"showFog":true,"showSkybox":false,"showFlares":true,"showImageEffects":true,"showParticleSystems":true,"showVisualEffectGraphs":true,"m_FxEnabled":true},"in2DMode":false,"pivot":{"x":3.3875298500061037,"y":1.2790300846099854,"z":1.0269262790679932},"rotation":{"x":-0.1543426811695099,"y":0.6878885626792908,"z":-0.15332692861557008,"w":-0.6924452781677246},"size":2.2382655143737795,"orthographic":false}