{"cameraMode":{"drawMode":0,"name":"Shaded","section":"Shading Mode"},"sceneLighting":false,"audioPlay":false,"sceneViewState":{"m_AlwaysRefresh":true,"showFog":true,"showSkybox":false,"showFlares":true,"showImageEffects":true,"showParticleSystems":true,"showVisualEffectGraphs":true,"m_FxEnabled":true},"in2DMode":false,"pivot":{"x":-20.04388427734375,"y":149.19024658203126,"z":-62.113067626953128},"rotation":{"x":0.007966003380715847,"y":-0.9908281564712524,"z":0.1167701929807663,"w":0.06758701801300049},"size":209.86322021484376,"orthographic":false}