{"cameraMode":{"drawMode":0,"name":"Shaded","section":"Shading Mode"},"sceneLighting":false,"audioPlay":false,"sceneViewState":{"m_AlwaysRefresh":true,"showFog":true,"showSkybox":false,"showFlares":true,"showImageEffects":true,"showParticleSystems":true,"showVisualEffectGraphs":true,"m_FxEnabled":true},"in2DMode":false,"pivot":{"x":3.0315520763397219,"y":1.5947589874267579,"z":3.4895248413085939},"rotation":{"x":-0.1417756974697113,"y":-0.08689635246992111,"z":0.012494846247136593,"w":-0.9859998226165772},"size":5.425240516662598,"orthographic":false}